,Reg. Year,Sex,Age,Basic Qualification,Additional Qualification,State
0,2012,Male,65,MBBS Armed Forces Medical College,MD OBST GYNAE Poona University,west bengal
1,2012,Male,31,MBBS Agartala Government Medical College Tripura University,,tripura
2,2012,Female,30,MBBS Agartala Government Medical College Tripura University,,west bengal
3,2012,Female,30,MBBS Agartala Government Medical College Tripura University,,tripura
4,2012,Female,31,MBBS Agartala Government Medical College Tripura University,,tripura
5,2012,Male,30,MBBS Agartala Government Medical College Tripura University,,tripura
6,2012,Male,30,MBBS Agartala Government Medical College Tripura University,,tripura
7,2012,Female,30,MBBS Agartala Government Medical College Tripura University,,tripura
8,2012,Male,30,MBBS Agartala Government Medical College Tripura University,,tripura
9,2012,Male,30,MBBS Agartala Government Medical College Tripura University,,tripura
10,2012,Female,31,MBBS Agartala Government Medical College Tripura University,,tripura
11,2012,Male,73,MBBS Osmania University,MD Paediatrics The All In dia Institute of Medical Science,manipur
12,2012,Male,30,MBBS Agartala Government Medical College Tripura University,,tripura
13,2012,Male,31,MBBS Agartala Government Medical College Tripura University,,tripura
14,2012,Male,30,MBBS Agartala Government Medical College Tripura University,,tripura
15,2012,Female,31,MBBS Agartala Government Medical College Tripura University,,tripura
16,2012,Male,32,MBBS Agartala Government Medical College Tripura University,,tripura
17,2012,Male,30,MBBS Agartala Government Medical College Tripura University,,tripura
18,2012,Male,31,MBBS Agartala Government Medical College Tripura University,,tripura
19,2012,Male,31,MBBS Agartala Government Medical College Tripura University,,tripura
20,2012,Female,31,MBBS Agartala Government Medical College Tripura University,,tripura
21,2012,Male,31,MBBS Agartala Government Medical College Tripura University,,tripura
22,2012,Female,30,MBBS Agartala Government Medical College Tripura University,,tripura
23,2012,Male,31,MBBS Agartala Government Medical College Tripura University,,tripura
24,2012,Female,31,MBBS Agartala Government Medical College Tripura University,,west bengal
25,2012,Female,31,MBBS Agartala Government Medical College Tripura University,,tripura
26,2012,Female,33,MBBS Agartala Government Medical College Tripura University,,tripura
27,2012,Female,30,MBBS Agartala Government Medical College Tripura University,,tripura
29,2012,Male,30,MBBS Agartala Government Medical College Tripura University,,tripura
30,2012,Male,31,MBBS Agartala Government Medical College Tripura University,,tripura
31,2012,Female,30,MBBS Agartala Government Medical College Tripura University,,tripura
32,2012,Female,31,MBBS Agartala Government Medical College Tripura University,,tripura
33,2012,Male,30,MBBS Agartala Government Medical College Tripura University,,tripura
34,2012,Female,30,MBBS Agartala Government Medical College Tripura University,,tripura
35,2012,Female,31,MBBS Agartala Government Medical College Tripura University,,tripura
36,2012,Male,30,MBBS Agartala Government Medical College Tripura University,,tripura
37,2012,Male,30,MBBS Agartala Government Medical College Tripura University,,tripura
38,2012,Female,30,MBBS Agartala Government Medical College Tripura University,,tripura
39,2012,Female,30,MBBS Agartala Government Medical College Tripura University,,tripura
40,2012,Male,30,MBBS Agartala Government Medical College Tripura University,,madhya pradesh
41,2012,Male,32,MBBS Agartala Government Medical College Tripura University,,tripura
42,2012,Male,30,MBBS Agartala Government Medical College Tripura University,,tripura
43,2012,Male,33,MBBS Agartala Government Medical College Tripura University,,tripura
44,2012,Female,30,MBBS Agartala Government Medical College Tripura University,,tripura
45,2012,Female,30,MBBS Agartala Government Medical College Tripura University,,tripura
46,2012,Female,31,MBBS Agartala Government Medical College Tripura,,tripura
47,2012,Female,32,MBBS Agartala Government Medical College Tripura University,,tripura
48,2012,Female,31,MBBS Agartala Government Medical College Tripura University,,tripura
49,2012,Male,33,MBBS Agartala Government Medical College Tripura University,,tripura
50,2012,Female,30,MBBS Agartala Government Medical College Tripura University,,tripura
51,2012,Female,30,MBBS Agartala Government Medical College Tripura University,,west bengal
52,2012,Female,30,MBBS Agartala Government Medical College Tripura University,,tripura
53,2012,Male,31,MBBS Agartala Government Medical College Tripura University,,tripura
54,2012,Female,30,MBBS Agartala Government Medical College Tripura University,,tripura
55,2012,Male,30,MBBS Agartala Government Medical College Tripura University,,tripura
56,2012,Female,31,MBBS Agartala Government Medical College Tripura University,,tripura
57,2012,Male,31,MBBS Agartala Government Medical College Tripura University,,tripura
58,2012,Male,31,MBBS Agartala Government Medical College Tripura University,,tripura
59,2012,Male,31,MBBS Agartala Government Medical College Tripura University,,tripura
60,2012,Male,30,MBBS Agartala Government Medical College Tripura University,,tripura
61,2012,Male,33,MBBS Agartala Government Medical College Tripura University,,tripura
62,2012,Male,43,MBBS from Regional Institute of Medical Science Imphal Manipur University,,tripura
63,2012,Male,31,MBBS Agartala Government Medical College Tripura University,,tripura
65,2012,Male,30,MBBS Agartala Government Medical College Tripura University,,tripura
66,2012,Male,31,MBBS Agartala Government Medical College Tripura University,,tripura
67,2012,Female,31,MBBS Agartala Government Medical College Tripura University,,tripura
68,2012,Male,61,MBBS from Regional Medical College Imphol Manipur,Diploma in Ophthalmic Medicine Surgery from Chhatrapati Shahuji Maharaj University Kanpur,tripura
69,2012,Male,31,MBBS Tripura Medical College Dr BRAM Teaching Hospital Tripura University,,tripura
72,2012,Female,29,MBBS Tripura Medical College Dr BRAM Teaching Hospital Tripura University,,west bengal
73,2012,Male,38,MBBS Gauhati Medical College GuwahatiUniversity of Gauhati,MD Phychiatry Dibrugarh University May,west bengal
74,2012,Female,31,MBBS Tripura Medical College Dr BRAM Teaching Hospital Tripura University,,assam
75,2012,Male,32,MBBS Tripura Medical College Dr BRAM Teaching Hospital Tripura University,,delhi
76,2012,Female,30,MBBS Agartala Government Medical College Tripura University,,tripura
77,2012,Female,30,MBBS Tripura Medical College Dr BRAM Teaching Hospital Tripura University,,haryana
78,2012,Male,31,MBBS Tripura Medical College Dr BRAM Teaching Hospital Tripura University,,west bengal
80,2012,Male,30,MBBS Tripura Medical College Dr BRAM Teaching Hospital Tripura University,,tripura
81,2012,Female,30,MBBS Tripura Medical College Dr BRAM Teaching Hospital Tripura University,,haryana
82,2012,Male,31,MBBS Tripura Medical College Dr BRAM Teaching Hospital Tripura University,,tripura
83,2012,Male,29,MBBS Tripura Medical College Dr BRAM Teaching Hospital Tripura University,,uttar pradesh
84,2012,Male,31,MBBS Tripura Medical College Dr BRAM Teaching Hospital Tripura University,,kerala
85,2012,Female,29,MBBS Tripura Medical College Dr BRAM Teaching Hospital Tripura University,,kerala
86,2012,Female,30,MBBS Tripura Medical College Dr BRAM Teaching Hospital Tripura University,,tripura
87,2012,Male,30,MBBS Agartala Government Medical College Tripura University,,tripura
88,2012,Male,32,MBBS Tripura Medical College Dr BRAM Teaching Hospital Tripura University,,assam
89,2012,Female,33,MBBS Tripura Medical College Dr BRAM Teaching Hospital Tripura University,,uttar pradesh
90,2012,Male,30,MBBS Tripura Medical College Dr BRAM Teaching Hospital Tripura University,,gujarat
91,2012,Female,30,MBBS Tripura Medical College Dr BRAM Teaching Hospital Tripura University,,tripura
92,2012,Male,31,MBBS Tripura Medical College Dr BRAM Teaching Hospital Tripura University,,tripura
93,2012,Female,31,MBBS Tripura Medical College Dr BRAM Teaching Hospital Tripura University,,tripura
94,2012,Female,30,MBBS TM C Dr BRAM Teaching Hospital Tripura University,,rajasthan
95,2012,Female,30,MBBS Tripura Medical College Dr BRAM Teaching Hospital Tripura University,,tripura
96,2012,Female,33,MBBS Tripura Medical College Dr BRAM Teaching Hospital Tripura University,,haryana
97,2012,Male,32,MBBS Tripura Medical College Dr BRAM Teaching Hospital Tripura University,,tamil nadu
98,2012,Male,32,MBBS Tripura Medical College Dr BRAM Teaching Hospital Tripura University,,jharkhand
99,2014,Female,28,MBBSAgartala Govt Medical CollegeTripura University,,tripura
100,2014,Female,28,MBBSAgartala Government Medical CollegeTripura University,,tripura
101,2014,Male,31,MBBS Agartala Govt Medical CollegemTripura University,,tripura
102,2014,Male,33,MBBS TMC DrBRAMTeaching Hospital Tripura University,,uttar pradesh
103,2014,Male,28,MBBS Agartala Govt Medical CollegeTripura University,,tripura
106,2014,Male,37,MBBS LN Mithila University,MDDermatology Venereology Leprosy Manipur University,tripura
107,2014,Female,31,MBBS T MC Dr BRAM Teaching Hospital Tripura University,,assam
108,2014,Female,31,MBBS Agartala Government Medical College Tripura University,,tripura
109,2012,Male,33,MBBS Tripura Medical College Dr BRAM Teaching Hospital Tripura University,,assam
110,2014,Male,61,MBBS Sambalpur University,,tripura
111,2014,Male,62,MBBS Guru Nanak Dev University,M S General Surgery Manipur University,tripura
112,2014,Male,50,MBBS Regional Institute of Medical Sciences Imphal Manipur University,,tripura
113,2014,Male,54,MBBS University of Kerala,MDPaediatrics Manipur University,tripura
114,2014,Male,58,MBBS Burdwan University,MD Paediatrics PIGMER Chandigarh,tripura
115,2014,Male,59,MBBS Regional Medical College Imphal Manipur University,MD Paediatrics Manipur University,tripura
116,2014,Male,34,MBBS Regional Institute of Medical Sciences Imphal Manipur University,MSObstetrics Gynaecology Manipur University,tripura
117,2014,Male,65,MBBS Sambalpur University,,tripura
118,2014,Male,62,MBBS Sambalpur University,,tripura
119,2014,Female,33,MBBS Regional Institute of Medical Sciences Imphal Manipur University,,tripura
120,2012,Female,34,MBBS Tripura Medical College Dr BRAM Teaching Hospital Tripura University,,tripura
121,2014,Male,39,MBBS Regional Institute of Medical Sciences Imphal Manipur University,,tripura
122,2014,Male,38,MBBS Regional Institute of Medical Sciences Imphal Manipur University,,tripura
123,2014,Female,33,MBBS Regional Institute of Medical Sciences Imphal Manipur University,,tripura
124,2014,Male,50,MBBS Regional Institute of Medical Sciences Imphal Manipur University,Diploma in Anaesthesiology Manipur University,tripura
125,2014,Male,41,MBBS Rani Durgawati Vishwavidyalaya Jabalpur,,tripura
126,2014,Male,43,MBBS U Manipur,DCH U Delhi,tripura
127,2014,Male,39,MBBS Calcutta University,,tripura
128,2014,Female,33,MBBS Regional Institute of Medical Sciences Imphal Manipur University,,tripura
129,2014,Male,63,MBBS University of kerala,,tripura
130,2014,Male,32,MBBS Agartala Government Medical College Tripura University,,tripura
131,2012,Male,30,MBBS Tripura Medical College Dr BRAM Teaching Hospital Tripura University,,tripura
132,2014,Male,28,MBBS Agartala Government Medical College Tripura University,,tripura
133,2014,Male,31,MBBS Agartala Government Medical College Tripura University,,tripura
134,2014,Male,40,MBBS Regional Institute of Medical Sciences Imphal Manipur University,MSOtorhinolaryngology Manipur University,tripura
135,2014,Male,39,MBBS North Bengal University,,tripura
136,2014,Male,38,MBBS Regional Institute of Medical Sciences Imphal Manipur University,MSObstetrics Gynaecology Manipur University,tripura
137,2014,Male,34,MBBS Regional Institute of Medical Sciences Imphal Manipur University,MDAnatomy Manipur University,tripura
138,2014,Male,33,MBBS Agartala Government Medical College Tripura University,,tripura
139,2014,Male,59,MBBS University of Kerala,PGDDRM National Institute for the Orthopaedically Handicapped,tripura
140,2014,Male,51,MBBS Manipur University,Post Graduate Diploma in Orthopaedics Nagpur University,tripura
141,2014,Male,56,MBBS University of Sambalpur,MS OrthopaedicsManipur University,tripura
142,2012,Male,31,MBBS Tripura Medical College Dr BRAM Teaching Hospital Tripura University,,tripura
143,2014,Male,56,MBBS Regional Medical College Imphal Manupur University,MSManipur University,tripura
144,2014,Male,52,MBBS Regional Medical College Imphal Manupur University,,tripura
145,2014,Male,56,MBBS LN Mithila University,,tripura
146,2014,Male,33,MBBS Regional Institute of Medical Sciences Imphal Manipur University,MDAnatomy Manipur University,tripura
147,2014,Male,48,MBBS Barkatullah Viswabidyalaya Bhupal,MS ENT Tripura University,tripura
148,2014,Female,28,MBBS Agartala Government Medical College Tripura University,,tripura
149,2014,Male,63,MBBS University of Kerala,MSOrtho U Calcutta,tripura
150,2014,Male,62,MBBS Berhampur University,Diploma in Maternity and Child Welfare university of Calcutta,tripura
151,2014,Female,33,MBBS Agartala Government Medical College Tripura University,,tripura
152,2014,Male,33,MBBS Rajib Gandhi University of Health Science,MD Pathology DY Patil University,tripura
153,2012,Male,32,MBBS Tripura Medical College Dr BRAM Teaching Hospital Tripura University,,andhra pradesh
154,2014,Male,43,MBBS University of Manipur,Dip Child HealthU Rajiv Gandhi H Sciences,tripura
155,2014,Male,60,MBBS University of kerala,,tripura
156,2014,Male,65,MBBS University of kerala,,tripura
157,2014,Male,57,MBBS University of Luknow,MSophthalmologyUniversity of Luknow,tripura
158,2014,Male,63,MBBS Gauhati University,MSGeneral Surgery Manipur University,tripura
159,2014,Male,42,MBBS AP Singh University Rewa,,tripura
160,2014,Male,47,MBBS Meerut University,MSOphthalmologyManipur University,west bengal
161,2014,Male,49,MBBS Regional Medical College Imphal Manupur University,,tripura
162,2014,Male,53,MBBS University of Rajasthan,MDPathology Nagpur University,tripura
163,2014,Male,59,MBBS Bhopal University,MDPathology Bhopal University,tripura
164,2012,Male,32,MBBS Tripura Medical College Dr BRAM Teaching Hospital Tripura University,,tripura
165,2014,Male,55,MBBS Regional Medical College Imphal Manupur University,MD Forensic Medicine Manipur University,tripura
166,2014,Male,53,MBBS Regional Medical College Imphal Manupur University,MDForensic Medicine Nagpur University,tripura
167,2014,Male,42,MBBS University of Rajasthan Jaipur,MD Radio Diagnosis Tripura University,tripura
168,2014,Male,40,MBBS Regional Institute of Medical Sciences Imphal Manipur University,MD Anaesthesiology Tripura University,tripura
169,2014,Male,30,MBBS Agartala Government Medical College Tripura University,,tripura
170,2014,Male,51,MBBS Regional Medical College Imphal Manupur University,,tripura
171,2014,Male,28,MBBS Agartala Government Medical College Tripura University,,uttar pradesh
172,2014,Male,27,MBBS Agartala Government Medical College Tripura University,,tripura
173,2014,Female,43,MBBS TM Bhagalpur University,,tripura
174,2014,Male,28,MBBS Agartala Government Medical College Tripura University,,tripura
175,2012,Male,31,MBBS Tripura Medical College Dr BRAM Teaching Hospital Tripura University,,tamil nadu
176,2014,Male,63,MBBS Sambalpur University,,tripura
177,2014,Male,60,MBBS Manipur University,DCPManipur University,tripura
178,2014,Male,42,MBBSManipur University,MD Manipur Universisty,tripura
179,2014,Female,41,MBBSSaurashtra University,DLO Saurashtra University,tripura
180,2014,Male,59,MBBSKerala University,,tripura
183,2014,Male,48,MBBSManipur University,,tripura
184,2014,Male,33,MBBSManipur University,,tripura
185,2014,Male,41,MBBSManipur University,,tripura
186,2012,Female,31,MBBS Tripura Medical College Dr BRAM Teaching Hospital Tripura University,,assam
187,2014,Male,45,MBBSManipur University,,tripura
188,2014,Male,31,MBBSAgartala GovtMedical CollegeTripura University,,tripura
189,2014,Male,31,MBBSAgartala GovtMedical CollegeTripura University,,tripura
190,2014,Male,1819,MBBSAgartala GovtMedical CollegeTripura University,,tripura
191,2014,Male,29,MBBSAgartala GovtMedical CollegeTripura University,,tripura
192,2014,Male,37,MBBS Regional Institute of Medical Sciences Imphal Manipur University,,tripura
193,2014,Male,33,MBBS Regional Institute of Medical Sciences Imphal Manipur University,,tripura
194,2014,Male,42,MBBS Regional Institute of Medical Sciences Imphal Manipur University,,tripura
195,2014,Male,35,MBBSAgartala GovtMedical CollegeTripura University,,tripura
196,2014,Male,31,MBBSAgartala GovtMedical CollegeTripura University,,tripura
198,2014,Male,43,MBBS NSCB Medical College Rani Durgavati Vishwavidyalaya,,tripura
199,2014,Male,62,MBBS Ranchi University,Diploma in Sports Medicine Punjabi University,tripura
200,2014,Male,41,MBBS NSCB Medical Collesge Rani Durgabati University,,tripura
201,2014,Male,39,MBBS Patna Medical College Patna University,,tripura
202,2014,Male,64,MBBS BangaloreMedical CollegeBangalore University,,tripura
204,2014,Male,30,MBBS Agartala Govt Medical College Tripura University,,tripura
205,2014,Male,28,MBBS Agartala Govt Medical College Tripura University,,tripura
206,2014,Male,30,MBBS Agartala Govt Medical College Tripura University,,tripura
207,2015,Male,30,MBBS Agartala Govt Medical College Tripura University,,tripura
208,2012,Female,31,MBBS Tripura Medical College Dr BRAM Teaching Hospital Tripura University,,assam
209,2016,Male,40,MBBS Regional Institute of Medical Sciences Imphal Manipur University,MS General Surgery Dr NTR University of Health Sciences,tripura
210,2016,Male,57,MBBS Regional Medical College Manipur University,,tripura
211,2014,Male,48,MBBS AP Sing University Rewa,,tripura
212,2014,Female,42,MBBS Regional Institute of Medical Sciences Imphal Manipur University,,tripura
213,2014,Male,62,MBBS University of Berhampur,,tripura
214,2014,Male,41,MBBS Regional Institute of Medical Sciences Imphal Manipur University,MD Community MedicineTripura University,tripura
215,2014,Female,32,MBBS Regional Institute of Medical Sciences Imphal Manipur University,MD Community MedicineManipur University,tripura
216,2014,Female,38,MBBS MBBS Regional Institute of Medical Sciences Imphal Manipur University,MD Anatomy Manipur University,tripura
217,2014,Female,37,MBBS MBBS Regional Institute of Medical Sciences Imphal Manipur University,MD Anatomy Manipur University,tripura
218,2012,Female,31,MBBS Tripura Medical College Dr BRAM Teaching Hospital Tripura University,,assam
219,2014,Male,49,MBBS MBBS Regional Institute of Medical Sciences Imphal Manipur University,MD Anatomy Manipur University,tripura
220,2014,Female,47,MBBS AP Singh University Rewa,,tripura
221,2014,Female,38,MBBS MBBS Regional Institute of Medical Sciences Imphal Manipur University,,tripura
222,2014,Male,50,MBBS Meerat Unineversity,MS ENT University of Allhabad,tripura
223,2014,Male,55,MBBS Burdwan University,,tripura
224,2014,Female,46,MBBS Regional Institute of Medical Sciences Imphal Manipur University,,tripura
225,2014,Male,58,MBBS Kanpur University,MD Paediatrics Kanpur University,tripura
226,2014,Male,40,MBBS Regional Institute of Medical Sciences Imphal Manipur University,,tripura
227,2014,Male,55,MBBS Regional Institute of Medical Sciences Imphal Manipur University,PG Diploma Anaesthesiology ManipurUniversity,tripura
228,2014,Male,62,MBBS Sambalpur University,MSOpthalmology Manipur University,tripura
229,2012,Female,32,MBBS Tripura Medical College Dr BRAM Teaching Hospital Tripura University,,assam
230,2014,Male,61,MBBSReional Medical College Imphal Manipur Unoversity,,tripura
231,2014,Male,38,MBBS PT Ravishankar Shukla University Raipur,,tripura
232,2014,Male,56,MBBS University of Kerala,MD Laboratory MedicineAIIMS New Delhi,tripura
233,2014,Male,41,MBBS Regional Institute of Medical Sciences Imphal Manipur University,,tripura
234,2014,Male,31,MBBS Regional Institute of Medical Sciences Imphal Manipur University,,tripura
235,2014,Male,33,MBBS Regional Institute of Medical Sciences Imphal Manipur University,,tripura
237,2014,Male,35,MBBS Regional Institute of Medical Sciences Imphal Manipur University,,tripura
238,2014,Male,56,MBBS Rani Durgavati Vishwavidyalaya,MD General MedicineManipur University,tripura
240,2012,Female,31,MBBS Tripura Medical College Dr BRAM Teaching Hospital Tripura University,,tripura
241,2014,Male,34,MBBS BRD Medical College Gorakhpur University of Gorakhpur,MD PsychiatrySS University of Health Sciences,tripura
242,2014,Male,48,MBBS University of Gauhati,MSAnatomy Dib University,assam
243,2014,Male,48,MBBS Manipur University,Diploma in OphthalmologyMG Institute of Medical Sciences Sevagram,tripura
244,2014,Male,29,MBBS Manipur University,MDPhysiologyManipur University,tripura
245,2014,Male,54,MBBS Manipur University,MDMicrobiology University of Nagpur,tripura
246,2014,Male,32,MBBS Agartala Govt Medical College Tripura University,,tripura
247,2014,Male,45,MBBS Regional Institute of Medical Sciences Imphal Manipur University,,tripura
248,2014,Male,64,MBBS Bombay,,tripura
249,2014,Male,46,MBBS Patna University,MD General MedicineManipur University,tripura
250,2014,Male,42,MBBS Gorakhpur University,MSGenral Surgery Manipur University,tripura
251,2012,Male,32,MBBS Tripura Medical College Dr BRAM Teaching Hospital Tripura University,,tripura
252,2014,Male,50,MBBS Magadh University,MS Ophthalmology Patna University,tripura
253,2014,Male,52,MBBS Regional Medical College Imphal Manipur University,PG Diploma in Anaesthesiology Manipur University,tripura
254,2014,Male,63,MBBS Sambalpur University,,tripura
255,2014,Female,55,MBBS University of Calcutta,DMCW University of Calcutta,tripura
256,2014,Male,65,MBBS Kerala University,,tripura
257,2014,Male,39,MBBS Regional Institute of Medical Sciences Imphal Manipur University,,tripura
258,2014,Male,62,MBBS Kerala University,DPH University of Calcutta,tripura
259,2014,Male,31,MBBS Agartala Govt Medical College TripuraUniversity,,tripura
260,2014,Male,54,MBBS PTJNM Medical College Raipur KS UniversityRaipur,,tripura
261,2014,Male,33,MBBS Agartala Govt Medical CollegeTripura University,,tripura
262,2012,Male,30,MBBS Tripura Medical College Dr BRAM Teaching Hospital Tripura University,,tripura
263,2014,Male,32,MBBS Assam Medical CollegeDibrugarh University,,tripura
264,2014,Male,66,MBBSRegional Medical CollegeManipur University,,tripura
265,2014,Male,39,MBBS JLN Medical CollegeRajasthan University,MDPaediatrics Rajasthan University,tripura
266,2014,Male,42,MBBS Regional Institute of Medical SciencesManipur University,,tripura
267,2014,Male,42,MBBS Regional Institute of Medical SciencesManipur University,MDBioChemistryManipur University,tripura
268,2014,Male,36,MBBS BSMedical CollegeCalcutta University,,tripura
269,2014,Male,48,MBBS Regional Institute of Medical SciencesManipur University,,tripura
271,2014,Male,64,MBBS Gauhati University,MS General Surgery Dibrugarh University,tripura
272,2014,Male,40,MBBS Regional Institute of Medical SciencesManipur University,,tripura
273,2012,Male,32,MBBS Tripura Medical College Dr BRAM Teaching Hospital Tripura University,,tripura
274,2014,Male,51,MBBS SSMedical CollegeAPS University,MDGenMedicinesAPS University,tripura
275,2014,Male,68,MBBS Bangalore Medical CollegeBangalore University,,tripura
276,2014,Male,53,MBBS Maharshi Dayanand University Rohtak,,tripura
277,2014,Male,64,MBBS University of Calcutta,,tripura
278,2014,Male,64,MBBS Silchar Medical Collehe Gauhati University,,tripura
279,2014,Male,43,MBBS Regional Institute of Medical Sciences Manipur University,,tripura
280,2014,Male,65,MBBS Gauhati Medical College Gauhati University,,assam
282,2014,Male,33,MBBSDarbhanga Medical College HospL NMUniversity,MDGenMedicines West Bengal University of Health Sciences,tripura
283,2014,Male,36,MBBS BSMedical CollegeCalcutta University,University,tripura
284,2012,Male,31,MBBS Tripura Medical College Dr BRAM Teaching Hospital Tripura University,,west bengal
285,2014,Male,40,MBBS PtJNM Medical CollegePt RSS University,,tripura
286,2014,Male,59,MBBSManipur University,,tripura
287,2014,Male,66,MBBSUniversity of Calcutta,,tripura
288,2014,Male,58,MBBS University of Rajasthan,,tripura
289,2014,Male,72,MBBS Osmania University,,tripura
290,2014,Female,43,MBBS Regional Institute of Medical SciencesImphal Manipur University,DCP Manipur University,tripura
291,2014,Male,50,MBBS Regional Institute of Medical Sciences Imphal Manipur University,,tripura
292,2014,Male,62,MBBS Assam Medical CollegeDibrugarh University,DO OpthalmologyGauhati University,tripura
293,2014,Female,32,MBBS Silchar Medical College Gauhati University,DLO ENT Gauhati University,tripura
294,2014,Male,55,MBBS Rohtak Medical College MDU University,,tripura
295,2012,Female,31,MBBS Tripura Medical College Dr BRAM Teaching Hospital Tripura University,,tripura
296,2014,Male,33,MBBS Gorakhpur University,MDENTTripura University,tripura
297,2014,Male,53,MBBSMGIMSWardhaNagpur University,MD MedicineNagpur University,tripura
298,2014,Female,49,MBBS Regional Medical College Imphal Manipur University,,tripura
299,2014,Male,63,MBBS Calcutta University,,tripura
300,2014,Male,64,MBBS Bhagalpur University,MD Community Medicine Dibrugarh University,tripura
301,2014,Male,39,MBBS North Bangal University,,tripura
302,2014,Male,44,MBBS University of Maharshi Dayanand,MD Medicine University of Maharshi Dayanand,tripura
303,2014,Female,41,MBBS Magadh University,,tripura
304,2014,Male,32,MBBS Agartala Government Medical College Tripura University,,tripura
305,2014,Male,53,MBBS Regional Medical College Imphal Manipur University,,tripura
306,2012,Female,31,MBBS Tripura Medical College Dr BRAM Teaching Hospital Tripura University,,tripura
307,2014,Male,64,MBBS Lucknow University,DPH Calcutta University,tripura
308,2014,Male,63,MBBS Regional Medical College Imphal Manipur University,DMCW Calcutta University,tripura
309,2014,Male,38,MBBS Dibrugarh University,,tripura
310,2014,Male,62,MBBS Regional Medical Sciences Imphal Manipur University,MS General Medicine Manipur University,tripura
311,2014,Male,52,MBBS Regional Institute of Medical Sciences Imphal Manipur University,,tripura
312,2014,Male,56,MBBS Regional Medical College Imphal Manipur University,,tripura
313,2014,Male,71,MBBS Assam Medical College Dibrugarh University,Diploma in Publice Health University of Calcutta,tripura
314,2014,Male,60,MBBS Patna Medical College Patna University,,tripura
315,2014,Male,44,MBBS Assam Medical College Dibrugarh University,,tripura
316,2014,Male,39,MBBS BN Medical College Patna University,,tripura
317,2012,Female,30,MBBS Tripura Medical College Dr BRAM Teaching Hospital Tripura University,,tripura
318,2014,Female,37,MBBS NSCB Medical CollegeUniversity of RDVV Jabalpur,DNB OG National Board of Examination,tripura
319,2014,Male,36,MBBS NSCB MedicalCollege University of RDVV Jabalpur,,tripura
320,2014,Male,63,MBBS Regional Medical College Imphal Manipur University,DC P Tropical Medicine Calcutta,tripura
321,2014,Male,46,MBBS University of Health Sciences AP June,MD General Medicine Manipur University,tripura
322,2014,Male,48,MBBS Regional Medical College Imphal Manipur University,MD Paed Manipur University,tripura
323,2014,Female,30,MBBS Assam Medical College Dibrugarh University,,tripura
324,2014,Male,51,MBBS Regional Institute of Medical Sciences Imphal Manipur University,,tripura
325,2014,Male,44,MBBS Assam Medical Collee Dibrugarh University,,tripura
326,2014,Male,56,MBBS Regional Institute of Medical Sciences Imphal Manipur University,,tripura
327,2014,Male,50,MBBS Regional Institute of Medical Sciences Imphal Manipur University,,tripura
328,2012,Male,36,MBBS Tripura Medical College Dr BRAM Teaching Hospital Tripura University,,uttar pradesh
329,2014,Male,42,MBBS Regional Institute of Medical Sciences Imphal Manipur University,DPM In Psychiatry Maharashtra University of Health Sciences Nashik,tripura
330,2014,Male,55,MBBS Regional Medical College Imphal Manipur University,,tripura
331,2014,Male,54,MBBS Regional Medical College Imphal Manipur University,MSENT AIIMS New Delhi,tripura
332,2014,Male,48,MBBS Regional Institute of Medical Sciences Imphal Manipur University,,tripura
333,2014,Male,64,MBBS Assam Medical ColleeDibrugarh University,DLO Calcutta University,tripura
334,2014,Male,63,MBBS Lucknow University,MD Paed Ranchi University,tripura
335,2014,Male,58,MBBS Ranchi University,MD Radiothrapy AIIMSNew Delhi,tripura
336,2014,Male,55,MBBS Regional Medical College Imphal Manipur University,MD Paed Manipur University,tripura
337,2014,Male,57,MBBS Regional Medical College Imphal Manipur University,,tripura
338,2014,Male,45,MBBSManipur University,MD Radio diagTripura University,tripura
339,2012,Female,31,MBBS Tripura Medical College Dr BRAM Teaching Hospital Tripura University,,manipur
340,2014,Male,35,MBBS Darbhanga Medical College LN Mithila University,,tripura
341,2014,Male,40,MBBS Regional Institute of Medical Sciences Imphal Manipur University,MD Community Medicine Tripura University,tripura
343,2014,Male,37,MBBS Regional Institute of Medical Sciences Imphal Manipur University,,tripura
344,2014,Male,37,MBBS Maharashtra University of Health Sciences Nashik,MSOto Rhino Laryngology Maharashtra University of Health Sciences Nashik,tripura
345,2014,Male,52,MBBS Regional Medical College Imphal Manipur University,MS General Surgery Manipur University,tripura
346,2014,Male,64,MBBS Silchar Merdical CollegeGauhati University,MSGeneral Surgery Calcutta University,tripura
347,2014,Male,59,MBBS Regional Medical College Imphal Manipur University,,tripura
348,2014,Male,61,MBBS Assam Medical ColleeDibrugarh University,DRM University of Bombay,tripura
349,2014,Male,56,MBBSRegional Medical CollegeManipur Univewrsity,PGD In Diabetilogy,tripura
352,2014,Female,34,MBBSTrivundam Medical CollegeKeralaUniversity,MS Obsts Gynae Srimanta Sankardeva University of Health Sciences,tripura
353,2014,Male,45,MBBSSilchar Medical CollegeAssam University,DPMPsychiatryAssam University,tripura
354,2014,Female,37,MBBS Regional Medical College Imphal Manipur University,,tripura
355,2014,Male,68,MBBS Mysore Medical CollegeMysore University,DGO Calcutta University,tripura
356,2014,Female,56,MBBS Lady Hardinge Medical CollegeNewDelhiDelhi University,,tripura
357,2014,Male,48,MBBS Regional Medical College Imphal Manipur University,,tripura
358,2014,Male,35,MBBS Assam Medical College Dibrugarh University,MD Microbiolory Tripura University,tripura
359,2014,Male,55,MBBS North Bengal University,DMCW University of Calcutta,tripura
360,2014,Female,34,MBBS Regional Insrtitute of Medical Sciences Imphal Manipur University,,tripura
361,2012,Female,30,MBBS Tripura Medical College Dr BRAM Teaching Hospital Tripura University,,tripura
362,2014,Male,61,MBBS Sri Venkateswara University,DGO Obs Gynae Venkateswara University,tripura
363,2014,Male,52,MBBS Regional Medical College Imphal Manipur University,,tripura
364,2014,Male,40,MBBS DDU Gorakhpur University Gorakhpur,MDGeneral Medicine Banaras Hindu University,tripura
365,2014,Male,40,MBBS Calcutta University,,tripura
366,2014,Male,35,MBBS Agartala Government Medical College Tripura University,,tripura
367,2014,Male,66,MBBS Assam Medical College Dibrugarh University,,tripura
368,2014,Male,31,MBBS Agartala Government Medical College Tripura University,,tripura
369,2014,Male,56,MBBS Punjabi University,DMCW Calcutta University,tripura
370,2014,Male,29,MBBS Sri Balaji Vidyapeeth University,,tripura
371,2014,Female,28,MBBS RIMS Manipur University,,tripura
372,2012,Female,30,MBBS Tripura Medical College Dr BRAM Teaching Hospital Tripura University,,manipur
373,2014,Male,57,MBBS Agartala Government Medical College Tripura University,,tripura
374,2014,Male,31,MBBS Agartala Government Medical College Tripura University,,tripura
375,2014,Female,33,MBBS RIMS Manipur University,MD Pharmacology RIMS Manipur University,tripura
376,2014,Male,49,MBBS Regional Institute of Medical Sciences Imphal Manipur University,,tripura
377,2014,Male,30,MBBS Regional Institute of Medical Sciences Imphal Manipur University,MBBS Regional Institute of Medical Sciences Imphal Manipur University,tripura
378,2014,Male,45,MBBS Deen Dayal Upadhyay Gorakhpur University,MS Surgery Tripura University,tripura
379,2014,Male,32,MBBS Regional Institute of Medical Sciences Imphal Manipur University,,tripura
380,2014,Female,36,MBBS Mahasrashtra University of Health Sciences Nashik,,tripura
381,2014,Male,28,MBBS Dibrugarh University,,tripura
382,2014,Male,65,MBBS Maharshi Dayanand University,MS General SurgeryThe Tamil Nadu Dr MGR Medical University,tripura
383,2012,Female,33,MBBS Tripura Medical College Dr BRAM Teaching Hospital Tripura University,,manipur
384,2014,Male,33,MBBS North Bengal Medical College,MD Psychiatry Tripura University,west bengal
385,2014,Male,33,MBBS Rajasthan University,MD Paed Tripura University,tripura
386,2014,Male,38,MBBS Regional Medical College Gauhati University,,tripura
387,2014,Male,64,MBBS Regional Medical College Imphal Manipur University,,tripura
388,2014,Male,48,MBBS Assam Medical College Dibrugarh University,DPM in Ranchi Unuversity,tripura
389,2014,Male,75,MBBS Karnatak University,MD BioChem Manipur University,tripura
390,2014,Male,64,MBBS Sambalpur University Burla Orissa,,tripura
391,2014,Female,56,MBBS Utkal University,MD Dermatology Venereology AIIMS New Delhi,tripura
392,2014,Male,55,MBBS Agartala Government Medical College Tripura University,,tripura
393,2014,Female,31,MBBS Calcutta University,,tripura
394,2012,Female,33,MBBS Tripura Medical College Dr BRAM Teaching Hospital Tripura University,,manipur
395,2014,Male,70,MBBS Karnatak University,,tripura
396,2014,Male,64,MBBS Calcutta University,,tripura
397,2014,Male,48,MBBS Regional Medical College Imphal Manipur University,MD MicrobiologyMG Institute of Medical Sciences Maharastra of Health Sciences,tripura
398,2014,Male,30,MBBS Tripura Medical College Dr BRAM Teaching Hospital Tripura University,,west bengal
399,2015,Male,67,MBBS Dibrugarh University,MS Orthopaedics Calcutta University,tripura
400,2015,Male,35,MBBS Manipur University,MS General Surgery Manipur University,tripura
401,2015,Male,47,MBBS Manipur University,MSOrthopaedic Manipur University,tripura
402,2015,Male,32,MBBS Rani Durgawati Vishwavidyalaya,MD Anaesthesiology Tripura University,tripura
403,2015,Male,30,MBBS University South East University Chaina,,tripura
404,2015,Male,28,MBBS Regional Institute of Medical Sciences Imphal Manipur University,,tripura
405,2012,Female,31,MBBS Tripura Medical College Dr BRAM Teaching Hospital Tripura University,,west bengal
406,2015,Male,29,MBBS Regional Institute of Medical Sciences Imphal Manipur University,,tripura
407,2015,Male,27,MBBS Regional Institute of Medical Sciences Imphal Manipur University,,tripura
408,2015,Male,27,MBBS Regional Institute of Medical Sciences Imphal Manipur University,,tripura
409,2015,Male,28,MBBS Sri Balaji Vidyapeeth University,,tripura
410,2015,Male,27,MBBS Regional Institute of Medical Sciences Imphal Manipur University,,tripura
411,2015,Male,30,MBBS Kerala University,,tripura
412,2015,Female,27,MBBS Regional Institute of Medical Sciences Imphal Manipur University,,tripura
413,2015,Female,27,MBBS Tripura Medical College Dr BRAM Traching Hospital Tripura University,,tripura
414,2015,Female,28,MBBS Tripura Medical College Dr BRAM Traching Hospital Tripura University,,tripura
415,2015,Male,28,MBBS Tripura Medical College Dr BRAM Traching Hospital Tripura University,,tripura
416,2012,Female,31,MBBS Tripura Medical College Dr BRAM Teaching Hospital Tripura University,,west bengal
417,2015,Male,28,MBBS Tripura Medical College Dr BRAM Traching Hospital Tripura University,,tripura
418,2015,Male,28,MBBS Tripura Medical College Dr BRAM Traching Hospital Tripura University,,tripura
419,2015,Male,27,MBBS Tripura Medical College Dr BRAM Traching Hospital Tripura University,,tripura
420,2015,Female,26,MBBS Tripura Medical College Dr BRAM Traching Hospital Tripura University,,manipur
421,2015,Male,28,MBBS Tripura Medical College Dr BRAM Traching Hospital Tripura University,,tripura
423,2015,Female,27,MBBS Tripura Medical College Dr BRAM Traching Hospital Tripura University,,tripura
424,2015,Male,27,MBBS Tripura Medical College Dr BRAM Traching Hospital Tripura University,,tripura
426,2015,Male,28,MBBS Tripura Medical College Dr BRAM Traching Hospital Tripura University,,tripura
427,2012,Female,32,MBBS Tripura Medical College Dr BRAM Teaching Hospital Tripura University,,tripura
428,2015,Female,27,MBBS Tripura Medical College Dr BRAM Traching Hospital Tripura University,,tripura
429,2015,Male,28,MBBS Tripura Medical College Dr BRAM Traching Hospital Tripura University,,tripura
430,2015,Male,61,MBBS Calcutta University,,tripura
431,2015,Male,27,MBBS Regional Institute of Medical Sciences Imphal Manipur University,,tripura
432,2015,Male,27,MBBS Tripura Medical College Dr BRAM Traching Hospital Tripura University,,tripura
433,2015,Female,27,MBBS Tripura Medical College Dr BRAM Traching Hospital Tripura University,,tripura
434,2015,Male,27,MBBS Tripura Medical College Dr BRAM Traching Hospital Tripura University,,tripura
435,2015,Female,28,MBBS Tripura Medical College Dr BRAM Traching Hospital Tripura University,,tripura
436,2015,Female,27,MBBS Agartala Government Medical College Tripura University,,tripura
437,2015,Female,26,MBBS Tripura Medical College Dr BRAM Traching Hospital Tripura University,,arunachal pradesh
438,2012,Male,31,MBBS Tripura Medical College Dr BRAM Teaching Hospital Tripura University,,tripura
439,2015,Female,28,MBBS Tripura Medical College Dr BRAM Traching Hospital Tripura University,,west bengal
440,2015,Male,28,MBBS Tripura Medical College Dr BRAM Traching Hospital Tripura University,,tripura
441,2015,Female,27,MBBS Agartala Government Medical College Tripura University,,tripura
442,2015,Male,27,MBBS Tripura Medical College Dr BRAM Traching Hospital Tripura University,,tripura
443,2015,Male,27,MBBS Tripura Medical College Dr BRAM Traching Hospital Tripura University,,west bengal
444,2015,Male,28,MBBS Tripura Medical College Dr BRAM Traching Hospital Tripura University,,tripura
445,2015,Female,27,MBBS Tripura Medical College Dr BRAM Traching Hospital Tripura University,,tripura
446,2015,Female,27,MBBS Tripura Medical College Dr BRAM Traching Hospital Tripura University,,tripura
447,2015,Male,27,MBBS Tripura Medical College Dr BRAM Traching Hospital Tripura University,,tripura
448,2015,Male,27,MBBS Tripura Medical College Dr BRAM Traching Hospital Tripura University,,tripura
449,2012,Female,29,MBBS Tripura Medical College Dr BRAM Teaching Hospital Tripura University,,manipur
450,2015,Female,28,MBBS Tripura Medical College Dr BRAM Traching Hospital Tripura University,,tripura
451,2015,Male,28,MBBS Tripura Medical College Dr BRAM Traching Hospital Tripura University,,tripura
452,2015,Male,27,MBBS Tripura Medical College Dr BRAM Traching Hospital Tripura University,,tripura
453,2015,Female,27,MBBS Tripura Medical College Dr BRAM Traching Hospital Tripura University,,tripura
454,2015,Female,28,MBBS Tripura Medical College Dr BRAM Traching Hospital Tripura University,,tripura
455,2015,Female,27,MBBS Tripura Medical College Dr BRAM Traching Hospital Tripura University,,tripura
456,2015,Female,28,MBBS Tripura Medical College Dr BRAM Traching Hospital Tripura University,,tripura
457,2015,Female,28,MBBS Tripura Medical College Dr BRAM Traching Hospital Tripura University,,tripura
458,2015,Female,28,MBBS Tripura Medical College Dr BRAM Traching Hospital Tripura University,,chandigarh
459,2015,Female,28,MBBS Tripura Medical College Dr BRAM Traching Hospital Tripura University,,tripura
461,2015,Female,28,MBBS Tripura Medical College Dr BRAM Traching Hospital Tripura University,,west bengal
462,2015,Male,28,MBBS Tripura Medical College Dr BRAM Traching Hospital Tripura University,,tripura
463,2015,Female,27,MBBS Tripura Medical College Dr BRAM Traching Hospital Tripura University,,tripura
464,2015,Female,27,MBBS Tripura Medical College Dr BRAM Traching Hospital Tripura University,,tripura
465,2015,Female,29,MBBS Tripura Medical College Dr BRAM Traching Hospital Tripura University,,tripura
466,2015,Female,27,MBBS Tripura Medical College Dr BRAM Traching Hospital Tripura University,,tripura
467,2015,Female,35,MBBS University of Calcutta MS Obst Gynae West Bengal University of Health Sciences,,west bengal
468,2015,Female,28,MBBS Tripura Medical College Dr BRAM Traching Hospital Tripura University,,tripura
469,2015,Male,27,MBBS Tripura Medical College Dr BRAM Traching Hospital Tripura University,,tripura
470,2015,Male,75,MBBS Andhra University,MS University of Delhi,tripura
472,2015,Female,27,MBBS Agartala Government Medical College Tripura University,,tripura
473,2015,Female,27,MBBS Agartala Government Medical College Tripura University,,tripura
474,2015,Female,29,MBBS Agartala Government Medical College Tripura University,,tripura
475,2015,Male,29,MBBS Agartala Government Medical College Tripura University,,uttar pradesh
476,2015,Male,27,MBBS Tripura Medical College Dr BRAM Traching Hospital Tripura University,,madhya pradesh
477,2015,Female,28,MBBS Tripura Medical College Dr BRAM Traching Hospital Tripura University,,tripura
478,2015,Female,27,MBBS Tripura Medical College Dr BRAM Traching Hospital Tripura University,,tripura
479,2015,Male,29,MBBS Tripura Medical College Dr BRAM Traching Hospital Tripura University,,tripura
480,2015,Female,28,MBBS Tripura Medical College Dr BRAM Traching Hospital Tripura University,,tripura
481,2015,Male,28,MBBS Tripura Medical College Dr BRAM Traching Hospital Tripura University,,tripura
482,2012,Male,32,MBBS Tripura Medical College Dr BRAM Teaching Hospital Tripura University,,west bengal
483,2015,Female,28,MBBS Agartala Government Medical College Tripura University,,tripura
484,2015,Female,28,MBBS Agartala Government Medical College Tripura University,,tripura
485,2015,Female,28,MBBS Agartala Government Medical College Tripura University,,tripura
486,2015,Female,27,MBBS Agartala Government Medical College Tripura University,,tripura
487,2015,Female,29,MBBS Agartala Government Medical College Tripura University,,tripura
488,2015,Male,28,MBBS Agartala Government Medical College Tripura University,,tripura
489,2015,Male,27,MBBS Agartala Government Medical College Tripura University,,tripura
491,2015,Female,27,MBBS Tripura Medical College Dr BRAM Traching Hospital Tripura University,,tripura
492,2015,Female,27,MBBS Tripura Medical College Dr BRAM Traching Hospital Tripura University,,tripura
493,2012,Male,34,MBBS Tripura Medical College Dr BRAM Teaching Hospital Tripura University,,tripura
494,2015,Male,28,MBBS Agartala Government Medical College Tripura University,,tripura
495,2015,Male,28,MBBS Agartala Government Medical College Tripura University,,tripura
496,2015,Male,27,MBBS Agartala Government Medical College Tripura University,,tripura
497,2015,Male,28,MBBS Agartala Government Medical College Tripura University,,tripura
498,2015,Male,28,MBBS Agartala Government Medical College Tripura University,,tripura
499,2015,Male,28,MBBS Agartala Government Medical College Tripura University,,nagaland
500,2015,Male,28,MBBS Agartala Government Medical College Tripura University,,rajasthan
501,2015,Male,28,MBBS Agartala Government Medical College Tripura University,,tripura
502,2015,Male,28,MBBS Agartala Government Medical College Tripura University,,tripura
503,2015,Female,35,MBBS Agartala Government Medical College Tripura University,,orissa
504,2012,Female,31,MBBS Tripura Medical College Dr BRAM Teaching Hospital Tripura University,,tripura
505,2015,Male,28,MBBS Agartala Government Medical College Tripura University,,tripura
506,2015,Female,27,MBBS Agartala Government Medical College Tripura University,,tripura
507,2015,Male,27,MBBS Agartala Government Medical College Tripura University,,tripura
508,2015,Male,27,MBBS Agartala Government Medical College Tripura University,,tripura
509,2015,Male,28,MBBS Agartala Government Medical College Tripura University,,tripura
510,2015,Female,28,MBBS Agartala Government Medical College Tripura University,,tripura
511,2015,Male,64,MBBS Agartala Government Medical College Tripura University,,tripura
512,2015,Female,27,MBBS Agartala Government Medical College Tripura University,,tripura
513,2015,Male,27,MBBS Agartala Government Medical College Tripura University,,tripura
514,2015,Male,28,MBBS Agartala Government Medical College Tripura University,,tripura
515,2012,Female,32,MBBS Tripura Medical College Dr BRAM Teaching Hospital Tripura University,,tripura
517,2015,Male,28,MBBS Agartala Government Medical College Tripura University,,tripura
518,2015,Female,27,MBBS Agartala Government Medical College Tripura University,,tripura
522,2015,Male,29,MBBS Tripura Medical College Dr BRAM Traching Hospital Tripura University,,tripura
523,2015,Female,27,MBBS Tripura Medical College Dr BRAM Traching Hospital Tripura University,,west bengal
524,2015,Male,27,MBBS Agartala Government Medical College Tripura University,,tripura
525,2015,Male,28,MBBS Agartala Government Medical College Tripura University,,tripura
526,2012,Male,33,MBBS Tripura Medical College Dr BRAM Teaching Hospital Tripura University,,tripura
527,2015,Male,28,MBBS Agartala Government Medical College Tripura University,,tripura
528,2015,Male,30,MBBS Agartala Government Medical College Tripura University,,tripura
529,2015,Male,28,MBBS Agartala Government Medical College Tripura University,,tripura
530,2015,Male,28,MBBS Agartala Government Medical College Tripura University,,tripura
531,2015,Male,27,MBBS Agartala Government Medical College Tripura University,,tripura
532,2015,Male,28,MBBS Agartala Government Medical College Tripura University,,tripura
533,2015,Male,28,MBBS Agartala Government Medical College Tripura University,,tripura
534,2015,Male,31,MBBS Agartala Government Medical College Tripura University,,tripura
535,2015,Male,28,MBBS Agartala Government Medical College Tripura University,,tripura
536,2015,Female,28,MBBS Agartala Government Medical College Tripura University,,tripura
537,2012,Female,30,MBBS Tripura Medical College Dr BRAM Teaching Hospital Tripura University,,tripura
538,2015,Female,28,MBBS Tripura Medical College Dr BRAM Traching Hospital Tripura University,,manipur
539,2015,Female,28,MBBS Agartala Government Medical College Tripura University,,tripura
540,2015,Male,29,MBBS Agartala Government Medical College Tripura University,,tripura
541,2015,Male,29,MBBS Tripura Medical College Dr BRAM Traching Hospital Tripura University,,west bengal
542,2015,Male,28,MBBS Agartala Government Medical College Tripura University,,tripura
544,2015,Male,54,MBBS Regional Institute of Medical Sciences Imphal Manipur University,,tripura
545,2015,Male,28,MBBS Agartala Government Medical College Tripura University,,tripura
546,2015,Male,27,MBBS Agartala Government Medical College Tripura University,,tripura
547,2015,Male,27,MBBS Agartala Government Medical College Tripura University,,tripura
548,2012,Male,34,MBBS Tripura Medical College Dr BRAM Teaching Hospital Tripura University,,madhya pradesh
550,2015,Female,28,MBBS Agartala Government Medical College Tripura University,,tripura
551,2015,Male,28,MBBS Agartala Government Medical College Tripura University,,west bengal
552,2015,Male,57,MBBS Regional Institute of Medical Sciences Imphal Manipur University,MDFMT AIIMS New Delhi,tripura
553,2015,Male,28,MBBS Agartala Government Medical College Tripura University,,tripura
554,2015,Male,40,MBBS Regional Institute of Medical Sciences Imphal Manipur University,MSGen Surgery Regional Institute of Medical Sciences Imphal Manipur University,tripura
555,2015,Male,28,MBBS Agartala Government Medical College Tripura University,,tripura
556,2015,Male,27,MBBS Tripura Medical College Dr BRAM Traching Hospital Tripura University,,tripura
557,2015,Female,31,MBBS Agartala Government Medical College Tripura University,,tripura
558,2015,Male,67,MBBS Patna University,DGO Calcitta University,tripura
559,2012,Male,32,MBBS Tripura Medical College Dr BRAM Teaching Hospital Tripura University,,kerala
560,2015,Male,32,MBBS Regional Institute of Medical Sciences Imphal Manipur University,,tripura
561,2015,Male,30,MBBS Dr Of Medicine Belize Medical Collage Centeral America Haelth Scinces University,,tripura
562,2015,Male,37,MBBS Manipur University,MSOrtho Tripura University,tripura
563,2015,Male,27,MBBS MGIMSMUHS Nashik,,tripura
564,2015,Male,59,MBBS Sambalpur University,DARegional Institute of Medical Sciences Imphal Manipur University,tripura
565,2015,Male,44,MBBS Regional Institute of Medical Sciences Imphal Manipur University,MDAnaesthesiology Regional Institute of Medical Sciences Imphal Manipur University,tripura
566,2015,Female,29,MBBS Vinayaka Mission University,,tripura
567,2015,Male,28,MBBS Agartala Government Medical College Tripura University,,tripura
568,2015,Female,30,MBBS Tripura Medical College Dr BRAM Traching Hospital Tripura University,,tripura
569,2015,Male,29,MBBS Tripura Medical College Dr BRAM Traching Hospital Tripura University,,tripura
570,2012,Male,31,MBBS Tripura Medical College Dr BRAM Teaching Hospital Tripura University,,tripura
571,2015,Female,33,MBBS Regional Institute of Medical Sciences Imphal Manipur University,MDGenMedicine Manipur University,tripura
572,2015,Male,32,MBBS Agartala Government Medical College Tripura University,MD Pathology Manipal University,tripura
573,2015,Male,27,MBBS Tripura Medical College Dr BRAM Traching Hospital Tripura University,,tripura
574,2015,Male,28,MBBS Tripura Medical College Dr BRAM Traching Hospital Tripura University,,tripura
575,2015,Male,27,MBBS Tripura Medical College Dr BRAM Traching Hospital Tripura University,,tripura
576,2015,Male,27,MBBS Tripura Medical College Dr BRAM Traching Hospital Tripura University,,manipur
577,2015,Male,28,MBBS Tripura Medical College Dr BRAM Traching Hospital Tripura University,,tripura
578,2015,Male,27,MBBS Tripura Medical College Dr BRAM Traching Hospital Tripura University,,tripura
579,2015,Male,27,MBBS Tripura Medical College Dr BRAM Traching Hospital Tripura University,,tripura
580,2015,Male,28,MBBS Tripura Medical College Dr BRAM Traching Hospital Tripura University,,tripura
581,2012,Male,29,MBBS Tripura Medical College Dr BRAM Teaching Hospital Tripura University,,manipur
582,2015,Male,28,MBBS Tripura Medical College Dr BRAM Traching Hospital Tripura University,,tripura
583,2015,Female,31,MBBS Agartala Government Medical College Tripura University,,tripura
584,2015,Female,29,MBBS Agartala Government Medical College Tripura University,,tripura
586,2015,Male,28,MBBS Agartala Government Medical College Tripura University,,tripura
587,2015,Male,28,MBBS Agartala Government Medical College Tripura University,,tripura
588,1990,Male,31,MBBS Tripura Medical College Dr BRAM Traching Hospital Tripura University,,tripura
589,2015,Male,27,MBBS Agartala Government Medical College Tripura University,,tripura
590,201,Male,27,MBBS Agartala Government Medical College Tripura University,,tripura
591,201,Male,27,MBBS Agartala Government Medical College Tripura University,,tripura
592,2012,Male,30,MBBS Tripura Medical College Dr BRAM Teaching Hospital Tripura University,,tripura
593,201,Male,27,MBBS Tripura Medical College Dr BRAM Traching Hospital Tripura University,,tripura
594,2015,Female,31,MBBS The West Bengal University of Health Sciences,MSObst Gyane Tripura University,delhi
595,2015,Male,33,MBBS The West Bengal University of Health Sciences,MDAnaes Tripura University,west bengal
597,2015,Male,41,MBBS Tripura Medical College Dr BRAM Traching Hospital Tripura University,,tripura
598,2015,Male,29,MBBS Agartala Government Medical College Tripura University,,nagaland
599,2015,Male,27,MBBS Agartala Government Medical College Tripura University,,tripura
600,2015,Male,27,MBBS Agartala Government Medical College Tripura University,,tripura
601,2015,Female,28,MBBS Tripura Medical College Dr BRAM Traching Hospital Tripura University,,tripura
602,2015,Male,30,MBBS Agartala Government Medical College Tripura University,,tripura
603,2012,Male,33,MBBS Tripura Medical College Dr BRAM Teaching Hospital Tripura University,,manipur
605,2015,Male,29,MBBS Agartala Government Medical College Tripura University,,tripura
606,2015,Male,30,MBBS Agartala Government Medical College Tripura University,,tripura
608,2015,Male,27,MBBS Agartala Government Medical College Tripura University,,tripura
609,2015,Male,27,MBBS Agartala Government Medical College Tripura University,,tripura
610,2015,Male,36,MBBS Manipur University,MDENT Manipur University,tripura
611,2015,Male,33,MBBS Manipur University,MDPharmacology Manipur University,tripura
612,2015,Male,27,MBBS Agartala Government Medical College Tripura University,,tripura
613,2015,Male,28,MBBS Tripura Medical College Dr BRAM Traching Hospital Tripura University,,tripura
614,2012,Male,29,MBBS Tripura Medical College Dr BRAM Teaching Hospital Tripura University,,tripura
615,2015,Male,67,MBBS Calcutta University,MD Calcutta University,west bengal
616,2015,Male,27,MBBS Agartala Government Medical College Tripura University,,tripura
617,2015,Female,31,MBBS Agartala Government Medical College Tripura University,MD Anatomy Rajib Gandhi Universityof Health Sciences,tripura
618,2015,Male,27,MBBS Agartala Government Medical College Tripura University,,tripura
619,2015,Male,28,MBBS Agartala Government Medical College Tripura University,,tripura
620,2012,Male,30,MBBS Tripura Medical College Dr BRAM Teaching Hospital Tripura University,,tripura
621,2012,Female,6,MBBS Tripura Medical College Dr BRAM Teaching Hospital Tripura University,,tripura
622,2012,Male,31,MBBS Tripura Medical College Dr BRAM Teaching Hospital Tripura University,,tripura
623,2012,Male,31,MBBS Tripura Medical College Dr BRAM Teaching Hospital Tripura University,,assam
625,2012,Male,30,MBBS Tripura Medical College Dr BRAM Teaching Hospital Tripura University,,manipur
627,2012,Female,32,MBBS Tripura Medical College Dr BRAM Teaching Hospital Tripura University,,tripura
629,2012,Male,30,MBBS Tripura Medical College Dr BRAM Teaching Hospital Tripura University,,tripura
630,2012,Male,32,MBBS Agartala Government Medical College Tripura University,,tripura
631,2012,Male,31,MBBS Agartala Government Medical College Tripura University,,tripura
632,2012,Male,30,MBBS Agartala Government Medical College Tripura University,,tripura
633,2012,Male,30,MBBS Agartala Government Medical College Tripura University,,tripura
634,2012,Male,31,MBBS Agartala Government Medical College Tripura University,,tripura
635,2012,Male,31,MBBS Agartala Government Medical College Tripura University,,tripura
636,2012,Male,31,MBBS Agartala Government Medical College Tripura University,,tripura
637,2012,Female,31,MBBS Agartala Government Medical College Tripura University,,tripura
638,2012,Male,31,MBBS Agartala Government Medical College Tripura University,,tripura
639,2012,Female,32,MBBS Agartala Government Medical College Tripura University,,tripura
640,2012,Male,30,MBBS Agartala Government Medical College Tripura University,,tripura
641,2012,Female,29,MBBS Tripura Medical College Dr BRAM Teaching Hospital Tripura University,,manipur
642,2012,Male,30,MBBS Agartala Government Medical College Tripura University,,tripura
643,2012,Male,30,MBBS Agartala Government Medical College Tripura University,,tripura
644,2013,Male,33,MBBS Regional Institute of Medical Sciences Imphal Manipur University,,tripura
645,2012,Female,30,MBBS Agartala Government Medical College Tripura University,,tripura
646,2013,Female,30,MBBS Tripura Medical College Dr BRAM Traching Hospital Tripura University,,manipur
647,2013,Male,31,MBBS Agartala Government Medical College Tripura University,,tripura
648,2013,Male,34,MBBS Tripura Medical College Dr BRAM Traching Hospital Tripura University,,west bengal
649,2013,Female,29,MBBS Tripura Medical College Dr BRAM Traching Hospital Tripura University,,tripura
650,2013,Female,30,MBBS Tripura Medical College Dr BRAM Traching Hospital Tripura University,,tripura
651,2013,Male,33,MBBS Tripura Medical College Dr BRAM Traching Hospital Tripura University,,tripura
652,2013,Male,30,MBBS Tripura Medical College Dr BRAM Traching Hospital Tripura University,,tripura
654,2013,Male,29,MBBS Tripura Medical College Dr BRAM Traching Hospital Tripura University,,kerala
655,2013,Female,30,MBBS Tripura Medical College Dr BRAM Traching Hospital Tripura University,,manipur
656,2013,Female,29,MBBS Tripura Medical College Dr BRAM Traching Hospital Tripura University,,manipur
657,2013,Female,30,MBBS Tripura Medical College Dr BRAM Traching Hospital Tripura University,,tripura
658,2013,Female,29,MBBS Tripura Medical College Dr BRAM Traching Hospital Tripura University,,tripura
660,2013,Female,31,MBBS Tripura Medical College Dr BRAM Traching Hospital Tripura University,,tripura
661,2013,Male,32,MBBS Tripura Medical College Dr BRAM Traching Hospital Tripura University,,uttar pradesh
662,2013,Male,28,MBBS Tripura Medical College Dr BRAM Traching Hospital Tripura University,,manipur
663,2013,Male,29,MBBS Tripura Medical College Dr BRAM Traching Hospital Tripura University,,tripura
664,2013,Male,31,MBBS Tripura Medical College Dr BRAM Traching Hospital Tripura University,,assam
665,2013,Male,30,MBBS Tripura Medical College Dr BRAM Traching Hospital Tripura University,,assam
666,2013,Male,33,MBBS Tripura Medical College Dr BRAM Traching Hospital Tripura University,,tripura
668,2013,Male,32,MBBS Tripura Medical College Dr BRAM Traching Hospital Tripura University,,tripura
669,2013,Female,29,MBBS Agartala Government Medical College Tripura University,,tripura
670,2013,Female,30,MBBS Agartala Government Medical College Tripura University,,tripura
671,2013,Female,30,MBBS Agartala Government Medical College Tripura University,,tripura
672,2013,Female,39,MBBS Agartala Government Medical College Tripura University,,tripura
673,2013,Female,29,MBBS Agartala Government Medical College Tripura University,,tripura
675,2013,Female,30,MBBS Agartala Government Medical College Tripura University,,tripura
676,2013,Female,28,MBBS Agartala Government Medical College Tripura University,,tripura
677,2013,Male,29,MBBS Agartala Government Medical College Tripura University,,tripura
678,2013,Male,29,MBBS Agartala Government Medical College Tripura University,,tripura
680,2013,Male,30,MBBS Agartala Government Medical College Tripura University,,tripura
681,2013,Male,29,MBBS Agartala Government Medical College Tripura University,,tripura
682,2013,Male,32,MBBS Agartala Government Medical College Tripura University,,tripura
683,2013,Male,30,MBBS Agartala Government Medical College Tripura University,,tripura
684,2013,Male,31,MBBS Agartala Government Medical College Tripura University,,tripura
685,2013,Male,29,MBBS Agartala Government Medical College Tripura University,,tripura
686,2013,Male,30,MBBS Agartala Government Medical College Tripura University,,tripura
687,2013,Male,29,MBBS Agartala Government Medical College Tripura University,,tripura
688,2013,Male,29,MBBS Agartala Government Medical College Tripura University,,tripura
689,2013,Male,31,MBBS Agartala Government Medical College Tripura University,,tripura
691,2013,Male,64,MBBS PMC Under Patna University,,tripura
692,2013,Female,31,MBBS Tripura Medical College Dr BRAM Traching Hospital Tripura University,,bihar
693,2013,Male,29,MBBS Tripura Medical College Dr BRAM Traching Hospital Tripura University,,delhi
697,2013,Male,30,MBBS Tripura Medical College Dr BRAM Traching Hospital Tripura University,,tamil nadu
698,2013,Female,30,MBBS Tripura Medical College Dr BRAM Traching Hospital Tripura University,,haryana
699,2013,Male,30,MBBS Tripura Medical College Dr BRAM Traching Hospital Tripura University,,assam
700,2013,Male,31,MBBS RIMS Imphal Under Manipur University,,tripura
701,2013,Male,34,MBBS Agartala Government Medical College Tripura University,,rajasthan
703,2013,Male,31,MBBS RIMS Imphal Under Manipur University,,tripura
704,2013,Male,32,MBBS RIMS Imphal Under Manipur University,,tripura
705,2013,Female,31,MBBS Tripura Medical College Dr BRAM Traching Hospital Tripura University,,tripura
706,2013,Female,29,MBBS RIMS Imphal Under Manipur University,,tripura
707,2013,Male,29,MBBS Tripura Medical College Dr BRAM Traching Hospital Tripura University,,andhra pradesh
708,2013,Male,47,MBBS RIMS Imphal Under Manipur University,,tripura
709,2013,Male,30,MBBS RIMS Imphal Under Manipur University,,tripura
710,2013,Male,29,MBBS Agartala Government Medical College Tripura University,,tripura
713,2013,Male,32,MBBS Agartala Government Medical College Tripura University,,tripura
714,2013,Male,34,MBBS Tripura Medical College Dr BRAM Traching Hospital Tripura University,,arunachal pradesh
715,2013,Female,28,MBBS Tripura Medical College Dr BRAM Traching Hospital Tripura University,,manipur
717,2013,Male,64,MBBS RMC Imphal Under Guwahati,DCP Under Calcutta University,tripura
718,2013,Male,65,MBBSMKCGMC Under Berhampur University,DOG Under Calcutta University,tripura
719,2013,Male,32,MBBS Tripura Medical College Dr BRAM Traching Hospital Tripura University,,kerala
720,2013,Male,33,MBBS Tripura Medical College Dr BRAM Traching Hospital Tripura University,,madhya pradesh
721,2013,Male,63,MBBSUnder Guwahati University,DMCW Under Calcutta University,tripura
722,2013,Male,31,MBBS Under WB University of Health Scince,,tripura
723,2013,Male,36,MBBS RIMS Imphal Under Manipur University,,tripura
724,2013,Male,56,MBBS NB University,DOG Under Calcutta University,west bengal
725,2013,Male,56,MBBS RNTMC UdaipurUnder Rajasthan University,,tripura
726,2013,Male,62,MBBSSCBMCUnder Calcutta University,,tripura
727,2013,Female,31,MBBS Tripura Medical College Dr BRAM Traching Hospital Tripura University,,tripura
729,2013,Male,33,MBBS RIMS Imphal Under Manipur University,,tripura
730,2013,Male,32,MBBS Agartala Government Medical College Tripura University,,rajasthan
731,2013,Female,30,MBBSRIMS Under Imphal University,,tripura
732,2013,Female,30,MBBS RIMS Imphal Under Manipur University,,tripura
733,2013,Male,31,MBBS RIMS Imphal Under Manipur University,,tripura
735,2013,Male,33,MBBSPt BDSPGIMS RothakMahanshi Dayananda,MD Paed SMSMC Jaipur Uner Rajesthan University of Health Science,tripura
737,2013,Male,53,MBBSNERMC Imphal Under Manipur University,MD RIMS Imphal Under Manipur University,tripura
738,2013,Female,30,MBBS RIMS Imphal Under Manipur University,,tripura
739,2013,Male,32,MBBS Tripura Medical College Dr BRAM Traching Hospital Tripura University,,rajasthan
740,2013,Male,29,MBBS Agartala Government Medical College Tripura University,,tripura
741,2013,Male,35,MBBS MCT Under Kerala University,,tripura
742,2013,Male,35,MBBS MCT Under Kerala University,,tripura
745,2013,Male,37,MBBS Silchar Medical Collage Under Assam University,,tripura
746,2013,Male,62,MBBS BS Mecical Colage Barkura Under Calcutta University,,tripura
747,2013,Male,65,MBBS BS Mecical Colage Barkura Under Calcutta University,MD JN Medical Collage Under Karnataka University,tripura
748,2014,Male,62,MBBS Under Karnataka University,,tripura
749,2014,Male,65,MBBS Sambalpur University,MS Gen Sur Under Calcutta University,tripura
750,2014,Male,42,MBBSBardwan Medical Collage Under Bardwan,MD RIMS Manipur University,tripura
751,2014,Male,44,MBBS NBMC Under NB University,,tripura
752,2014,Male,32,MBBS Manipur University,MD Manipur University,tripura
753,2014,Male,31,MBBS Agartala Government Medical College Tripura University,,tripura
754,2014,Male,65,MBBS Bhagalpur University,Diploma in Sport Medicine Under Panijala University,tripura
755,2014,Male,66,MBBS Under Dibrugarh University,D Ortho Under Calcutta University,tripura
756,2014,Male,62,MBBSRIMS Under Imphal University,MD Pshy NIMHANS Bangalor Bangalore University,tripura
757,2014,Female,58,MBBS Regional Medical College Imphal Manipur University,,tripura
759,2014,Male,47,MBBS Calcutta University,MDPhysiologyDeemed University,tripura
760,2014,Male,63,MBBS VSSMedical CollegeSambalpur University,MDObstetrics and Gynaecology Manipal University,tripura
761,2014,Male,37,MBBS Regional Institute of Medical Sciences Imphal Manipur University,,tripura
762,2014,Female,38,MBBS Regional Institute of Medical Sciences Imphal Manipur University,,tripura
763,2014,Male,46,MBBS Regional Institute of Medical Sciences ImphalManipur University,MD Community Medicine Manupur University,tripura
764,2014,Male,32,MBBS Regional Institute of Medical Sciences ImphalManipur University,,tripura
765,2014,Male,35,MBBS Regional Institute of Medical Sciences Imphal Manipur University,,tripura
766,2014,Male,30,MBBS Regional Institute of Medical Sciences Imphal Manipur University,,tripura
767,2014,Male,36,MBBS Regional Institute of Medical Sciences ImphalManipur University,,tripura
768,2014,Male,63,MBBS Karnatak University,MS General SurgeryUniversity of Calcutta,tripura
769,2014,Male,41,MBBS Regional Institute of Medical Sciences ImphalManipur University,,tripura
770,2014,Male,36,MBBS Regional Institute of Medical Sciences ImphalManipur University,,tripura
771,2014,Male,36,MBBSRani Durgavati Vishwavidyalaya Jabalpur,DGO Rani Durgavati Vishwavidyalaya Jabalpur,tripura
772,2014,Female,29,MBBS Satya Sai Medical college and Research Institute Sri BalajiVidyapith,,tripura
774,2014,Male,66,MBBS Karnatak University,MDobst Gynae Calcutta University,tripura
775,2014,Female,48,MBBS LN Mithila University,MSObstetrics Gynaecology,tripura
776,2014,Female,28,MBBSRegional Institute of Medical SciencesImphal Manipur University,,tripura
777,2014,Female,35,MBBS Assam Medical CollegeDibrugarh University,,tripura
778,2014,Female,48,MBBS University of Calcutta,,tripura
779,2014,Female,29,MBBS Satya Sai Medical college and Research Institute Sri Balaji Vidyapith University,,tripura
780,2014,Male,45,MBBS Calicut University,,tripura
781,2014,Male,48,MBBSRegional Institute of Medical SciencesImphal Manipur University,MD Psychiatry Manipur University,tripura
782,2014,Male,39,MBBS Gauhati Medical College Gauhati University,MS Ophthalmology Dibrugarh University,tripura
783,2014,Male,31,MBBS,MD Physician from Volgograd Medical Academy Russian Federation,tripura
784,2014,Male,31,MBBSRegional Institute of Medical SciencesImphalManipur University,,tripura
785,2014,Male,63,MBBS Karnatak University,Diploma in Ophthalmology Gauhati University,tripura
786,2014,Male,28,MBBS Agartala Government Medical College Tripura University,,nagaland
787,2014,Female,27,MBBSRegional Institute of Medical SciencesImphalManipur University,,tripura
788,2014,Male,28,MBBS Regional Institute of Medical Sciences Imphal Manipur University,,tripura
789,2014,Male,29,MBBS Agartala Government Medical College Tripura University,,nagaland
790,2014,Male,31,MBBS Agartala Government Medical College Tripura University,,tripura
791,2014,Male,28,MBBS Regional Institute of Medical Sciences Imphal Manipur University,,tripura
792,2014,Female,29,MBBS Agartala Government Medical College Tripura University,,tripura
793,2014,Male,28,MBBS Agartala Government Medical College Tripura University,,tripura
794,2014,Male,28,MBBS Agartala Government Medical College Tripura University,,tripura
795,2014,Male,30,MBBS Agartala Government Medical College Tripura University,,tripura
797,2014,Male,27,MBBS Agartala Government Medical College Tripura University,,tripura
798,2014,Female,30,MBBS Agartala Government Medical College Tripura University,,meghalaya
800,2014,Male,28,MBBS Agartala Government Medical College Tripura University,,tripura
801,2014,Male,30,MBBS Agartala Government Medical College Tripura University,,tripura
802,2014,Male,28,MBBS Agartala Government Medical College Tripura University,,tripura
803,2014,Male,28,MBBS Agartala Government Medical College Tripura University,,tripura
804,2014,Male,42,MBBS Regional Institute of Medical Sciences Imphal Manipur University,,tripura
805,2014,Female,30,MBBS Agartala Government Medical College Tripura University,,tripura
806,2014,Female,28,MBBS Regional Institute of Medical Sciences Imphal Manipur University,,tripura
807,2014,Female,29,MBBS Agartala Government Medical College Tripura University,,tripura
808,2014,Male,29,MBBS Agartala Government Medical College Tripura University,,tripura
809,2014,Male,29,MBBS Agartala Government Medical College Tripura University,,tripura
810,2014,Male,28,MBBS Agartala Government Medical College Tripura University,,tripura
811,2014,Female,29,MBBS Agartala Government Medical College Tripura University,,tripura
812,2014,Female,29,MBBS Agartala Government Medical College Tripura University,,tripura
813,2014,Male,32,MBBS Agartala Government Medical College Tripura University,,tripura
814,2014,Male,1029,MBBS Agartala Government Medical College Tripura University,,tripura
815,2014,Male,29,MBBS Agartala Government Medical College Tripura University,,tripura
816,2014,Male,28,MBBS Agartala Government Medical College Tripura University,,tripura
817,2014,Male,28,MBBS Agartala Government Medical College Tripura University,,tripura
818,2014,Male,28,MBBS Agartala Government Medical College Tripura University,,tripura
819,2014,Male,29,MBBS Agartala Government Medical College Tripura University,,tripura
820,2014,Male,28,MBBS Agartala Government Medical College Tripura University,,tripura
821,2014,Male,29,MBBS Agartala Government Medical College Tripura University,,tripura
822,2014,Female,28,MBBS Agartala Government Medical College Tripura University,,tripura
823,2014,Female,29,MBBS Agartala Government Medical College Tripura University,,tripura
824,2014,Female,28,MBBS Regional Institute of Medical Sciences Imphal Manipur University,,tripura
825,2014,Female,28,MBBS Regional Institute of Medical Sciences Imphal Manipur University,,tripura
826,2014,Female,29,MBBS Agartala Government Medical College Tripura University,,tripura
827,2014,Female,28,MBBS Agartala Government Medical College Tripura University,,tripura
828,2014,Female,29,MBBS Agartala Government Medical College Tripura University,,tripura
829,2014,Male,29,MBBS Agartala Government Medical College Tripura University,,tripura
830,2014,Male,29,MBBS Agartala Government Medical College Tripura University,,tripura
831,2014,Male,31,MBBS Agartala Government Medical College Tripura University,,tripura
832,2014,Female,28,MBBS Agartala Government Medical College Tripura University,,tripura
833,2014,Male,49,MBBS MGM Medical College Indore DA Vishwabidyalaya Indore,,tripura
834,2014,Male,28,MBBS Agartala Government Medical College Tripura University,,tripura
835,2014,Male,28,MBBS Regional Medical College Imphal Manipur University,MD Obstetrics Gynaecology Manipur University,tripura
836,2014,Female,29,MBBS Agartala Government Medical College Tripura University,,mizoram
837,2014,Male,29,MBBS Agartala Government Medical College Tripura University,,mizoram
838,2014,Female,28,MBBS Agartala Government Medical College Tripura University,,tripura
839,2014,Female,28,MBBS Agartala Government Medical College Tripura University,,tripura
840,2014,Female,29,MBBS Agartala Government Medical College Tripura University,,tripura
841,2014,Male,28,MBBS Agartala Government Medical College Tripura University,,tripura
842,2014,Male,29,MBBS Agartala Government Medical College Tripura University,,nagaland
843,2014,Female,29,MBBS Agartala Government Medical College Tripura University,,tripura
844,2014,Male,28,MBBS Agartala Government Medical College Tripura University,,tripura
845,2014,Male,28,MBBS Agartala Government Medical College Tripura University,,tripura
846,2014,Male,30,MBBS Agartala Government Medical College Tripura University,,tripura
847,2014,Male,29,MBBS Regional Institute of Medical Sciences Imphal Manipur University,,tripura
848,2014,Male,29,MBBS Agartala Government Medical College Tripura University,,tripura
849,2014,Female,29,MBBS Agartala Government Medical College Tripura University,,tripura
850,2014,Male,28,MBBS Agartala Government Medical College Tripura University,,tripura
851,2014,Female,28,MBBS Agartala Government Medical College Tripura University,,tripura
852,2014,Male,28,MBBS Agartala Government Medical College Tripura University,,tripura
853,2014,Male,74,MBBS Gauhati University,DGOThe College of Physicians and Surgeons of Bombay,manipur
854,2014,Male,70,MBBS Calcutta University,Diploma in Medical Radiology Therapeutic Calcutta University,tripura
855,2014,Male,64,MBBS Nagpur University,,tripura
856,2014,Male,28,MBBS Agartala Government Medical College Tripura University,,tripura
857,2014,Male,53,MBBS Regional Medical College Imphal Manipur University,MSOtorhinolaryngologyManipur University,tripura
858,2014,Male,27,MBBS Agartala Government Medical College Tripura University,,tripura
859,2014,Female,30,MBBS Agartala Government Medical College Tripura University,,tripura
860,2014,Male,28,MBBS Agartala Government Medical College Tripura University,,tripura
861,2014,Male,57,MBBS Calcutta University,,tripura
863,2014,Female,28,MBBS Agartala Government Medical College Tripura University,,tripura
864,2014,Female,28,MBBS Agartala Government Medical College Tripura University,,tripura
865,2014,Male,29,MBBS Agartala Government Medical College Tripura University,,tripura
866,2014,Male,29,MBBS Agartala Government Medical College Tripura University,,tripura
867,2014,Male,44,MBBS Regional Institute of Medical Sciences Imphal Manipur University,,tripura
868,2014,Male,28,MBBS Tripura Medical College Dr BRAM Teaching Hospital Tripura University,,haryana
869,2014,Male,51,MBBS North Eastern Regional Medical College Imphol Manipur University,MD Psychiatry Manipur University,tripura
870,2014,Male,28,MBBS Agartala Government Medical College Tripura University,,meghalaya
871,2014,Female,28,MBBS Tripura Medical College Dr BRAM Teaching Hospital Tripura University,,haryana
872,2014,Female,29,MBBS Tripura Medical College Dr BRAM Teaching Hospital Tripura University,,chhattisgarh
873,2014,Male,29,MBBS Regional Institute of Medical Sciences Imphal Manipur University,,tripura
